chunk,feature,importance_gain,importance_split
1,f001_AMT_CREDIT-d-CNT_CHILDREN,2391.600968360901,177
1,f001_AMT_GOODS_PRICE-s-AMT_CREDIT-d-AMT_INCOME_TOTAL,5737.50350189209,342
1,f001_AMT_ANNUITY-d-AMT_INCOME_TOTAL,5904.207818984985,422
1,f001_AMT_GOODS_PRICE-d-cnt_adults,2751.3316502571106,200
1,f001_AMT_CREDIT-d-CNT_FAM_MEMBERS,3740.3301000595093,273
1,f001_AMT_GOODS_PRICE-d-CNT_FAM_MEMBERS,3311.396970272064,248
1,f001_AMT_CREDIT,2535.2847814559937,171
1,f001_AMT_GOODS_PRICE-s-AMT_CREDIT,5564.3369789123535,328
1,f001_AMT_GOODS_PRICE-d-CNT_CHILDREN,1604.8717985153198,121
1,f001_AMT_GOODS_PRICE-d-AMT_CREDIT,10826.57100200653,438
1,f001_AMT_GOODS_PRICE-d-AMT_ANNUITY,10354.34730052948,517
1,f001_AMT_CREDIT-d-AMT_ANNUITY,12296.392838954926,756
1,f001_AMT_INCOME_TOTAL_by_ORGANIZATION_TYPE,304.0056619644165,20
1,f001_APARTMENTS_AVG,1655.3396735191345,118
1,f001_APARTMENTS_MODE,1673.0436067581177,121
1,f001_AMT_GOODS_PRICE,4337.2596979141235,259
1,f001_APARTMENTS_MEDI,1541.963255405426,111
1,f001_CNT_CHILDREN-d-CNT_FAM_MEMBERS,170.30332946777344,12
1,f001_CODE_GENDER,5467.992862701416,247
1,f001_DAYS_BIRTH,2118.175019264221,143
1,f001_DAYS_EMPLOYED-s-DAYS_BIRTH-d-DAYS_ID_PUBLISH-s-DAYS_BIRTH,4005.7693037986755,283
1,f001_DAYS_EMPLOYED-d-DAYS_BIRTH,4471.953850269318,268
1,f001_DAYS_EMPLOYED,7413.872939586639,334
1,f001_DAYS_EMPLOYED-s-DAYS_BIRTH-d-DAYS_LAST_PHONE_CHANGE-s-DAYS_BIRTH,4150.081641674042,264
1,f001_DAYS_ID_PUBLISH,5640.578947067261,411
1,f001_DAYS_ID_PUBLISH-s-DAYS_EMPLOYED,3314.5726413726807,241
1,f001_DAYS_ID_PUBLISH-s-DAYS_BIRTH,5754.881198883057,385
1,f001_DAYS_LAST_PHONE_CHANGE-d-DAYS_BIRTH,3139.642491340637,234
1,f001_DAYS_LAST_PHONE_CHANGE-s-DAYS_EMPLOYED,3950.5276350975037,257
1,f001_DAYS_LAST_PHONE_CHANGE-s-DAYS_BIRTH,3043.312880039215,200
1,f001_DAYS_LAST_PHONE_CHANGE-s-DAYS_ID_PUBLISH,3333.4952087402344,253
1,f001_DAYS_LAST_PHONE_CHANGE,3233.276183128357,238
1,f001_DEF_30_CNT_SOCIAL_CIRCLE,1401.5611810684204,85
1,f001_DAYS_LAST_PHONE_CHANGE-s-DAYS_REGISTRATION,3648.0941886901855,278
1,f001_DEF_60_CNT_SOCIAL_CIRCLE,638.591628074646,44
1,f001_DEF_30_CNT_SOCIAL_CIRCLE-d-OBS_30_CNT_SOCIAL_CIRCLE,2843.7206864356995,184
1,f001_DAYS_REGISTRATION-s-DAYS_BIRTH,3386.3243474960327,264
1,f001_DAYS_REGISTRATION,3387.933509349823,252
1,f001_ELEVATORS_MEDI,201.1495804786682,16
1,f001_DEF_60_CNT_SOCIAL_CIRCLE-d-OBS_60_CNT_SOCIAL_CIRCLE,2457.5527687072754,159
1,f001_ELEVATORS_MODE,312.9329071044922,22
1,f001_ELEVATORS_AVG,570.6414923667908,41
1,f001_EXT_SOURCES_1-2-3,3153.3416981697083,217
1,f001_EXT_SOURCES_sum,36671.20575141907,558
1,f001_EXT_SOURCES_2-3,9231.752372264862,536
1,f001_EXT_SOURCES_1-2,4373.053769111633,313
1,f001_EXT_SOURCES_2-1-3,2607.3377542495728,166
1,f001_EXT_SOURCES_prod,7932.0210971832275,297
1,f001_EXT_SOURCES_mean,120112.24004077911,820
1,f001_EXT_SOURCES_std,4876.877908706665,341
1,f001_EXT_SOURCE_1,6891.173480987549,449
1,f001_EXT_SOURCE_3,22456.62025785446,861
1,f001_FLAG_EMP_PHONE,0.0,0
1,f001_FLAG_DOCUMENT_3,975.4020719528198,35
1,f001_EXT_SOURCE_2,18411.017777442932,699
1,f001_FLAG_PHONE,494.2879891395569,39
1,f001_FLAG_DOCUMENT_6,23.977200508117676,2
1,f001_FLAG_WORK_PHONE,1791.014298915863,120
1,f001_LIVE_CITY_NOT_WORK_CITY,121.90836906433105,8
1,f001_FLOORSMAX_MODE,322.5177402496338,21
1,f001_FLOORSMIN_AVG,739.5419311523438,55
1,f001_FLOORSMAX_AVG,662.6778221130371,46
1,f001_FLOORSMAX_MEDI,422.515709400177,33
1,f001_LIVINGAREA_AVG,1821.4362616539001,129
1,f001_FLOORSMIN_MEDI,362.5978317260742,29
1,f001_FLOORSMIN_MODE,347.54357051849365,25
1,f001_HOUR_APPR_PROCESS_START,1516.0479927062988,115
1,f001_REGION_RATING_CLIENT,410.462100982666,29
1,f001_LIVINGAREA_MODE,1899.1983346939087,147
1,f001_OWN_CAR_AGE-s-DAYS_EMPLOYED,4372.935513973236,241
1,f001_REG_CITY_NOT_LIVE_CITY,441.45952796936035,34
1,f001_LIVINGAREA_MEDI,1382.4256992340088,100
1,f001_OWN_CAR_AGE-d-DAYS_BIRTH,4015.095971107483,257
1,f001_REGION_RATING_CLIENT_W_CITY,1056.8575677871704,73
1,f001_REG_CITY_NOT_WORK_CITY,385.2410478591919,28
1,f001_REGION_POPULATION_RELATIVE,5619.760244846344,429
1,f001_OWN_CAR_AGE,2580.1099524497986,150
1,f001_OWN_CAR_AGE-d-DAYS_EMPLOYED,3236.1526226997375,220
1,f001_alldocs_skew,540.6595506668091,29
1,f001_OWN_CAR_AGE-s-DAYS_BIRTH,2664.7357306480408,188
1,f001_alldocs_std,101.29853248596191,9
1,f001_TOTALAREA_MODE,2441.383620262146,176
1,f001_building_score_medi_sum,987.4200506210327,68
1,f001_alldocs_kurt,1989.9023475646973,98
1,f001_building_score_avg_sum,840.5962867736816,62
1,f001_building_score_mode_sum,1193.92449426651,81
1,f002_NAME_CONTRACT_TYPE,61.555800437927246,3
1,f002_NAME_HOUSING_TYPE,96.01844024658203,8
1,f002_NAME_EDUCATION_TYPE,937.5201978683472,35
1,f001_age,2376.4675989151,149
1,f001_age_finish_payment,3105.904923915863,179
1,f001_building_score_mode_mean,3003.2219638824463,189
1,f001_building_score_avg_mean,1754.3768563270569,127
1,f002_HOUSETYPE_MODE,253.34209060668945,21
1,f002_FONDKAPREMONT_MODE,64.10216999053955,6
1,f001_building_score_medi_mean,2177.16131067276,159
1,f002_ORGANIZATION_TYPE,41280.01729488373,2494
1,f001_maxwell_feature,5397.010344028473,247
1,f003_NAME_HOUSING_TYPE_ta,1801.5312266349792,136
1,f002_WALLSMATERIAL_MODE,434.6216115951538,35
1,f002_NAME_INCOME_TYPE,478.67344999313354,33
1,f003_NAME_EDUCATION_TYPE_ta,5452.652319908142,259
1,f105_AMT_ANNUITY_act_min,742.8618392944336,51
1,f003_ORGANIZATION_TYPE_ta,3536.0152592658997,244
1,f003_NAME_FAMILY_STATUS_ta,3884.855950832367,274
1,f105_AMT_ANNUITY_act_max,536.3603467941284,39
1,f105_AMT_ANNUITY_act_mean,402.3154983520508,30
1,f003_OCCUPATION_TYPE_ta,8017.912547588348,481
1,f105_AMT_ANNUITY_cmp_max,3845.3866391181946,261
1,f003_NAME_INCOME_TYPE_ta,1869.9531979560852,130
1,f105_DAYS_DECISION_ref_max,6588.7357006073,360
1,f105_AMT_ANNUITY_cmp_min,3623.7530789375305,272
1,f105_DAYS_DECISION_min-m-DAYS_BIRTH,4249.733720779419,282
1,f105_AMT_ANNUITY_cmp_sum,5727.908564567566,329
1,f105_DAYS_DECISION_min,4595.793208122253,323
1,f105_DAYS_DECISION_app_min,3879.603015899658,282
1,f105_AMT_ANNUITY_cmp_mean,3809.0152955055237,263
1,f105_DAYS_DECISION_max-m-DAYS_BIRTH,2338.7782583236694,156
1,f105_DAYS_LAST_DUE_1ST_VERSION_act_sum,1705.2258834838867,109
1,f105_amt_paid-d-unpaid_min,445.2651081085205,33
1,f105_DAYS_LAST_DUE_1ST_VERSION_act_mean,1302.7277002334595,92
1,f105_amt_paid-d-unpaid_max,548.5898094177246,41
1,f105_DAYS_DECISION_ref_min,4985.858065128326,296
1,f105_active_ratio,811.3911991119385,60
1,f105_DAYS_LAST_DUE_1ST_VERSION_act_max,1096.5895166397095,76
1,f105_amt_paid-d-unpaid_mean,263.8364677429199,19
1,f105_DAYS_LAST_DUE_1ST_VERSION_act_min,1781.2679147720337,129
1,f105_amt_paid_max,2862.5560460090637,193
1,f105_amt_paid_sum,3118.521592617035,197
1,f105_amt_paid_sum-d-amt_unpaid_sum,495.1686019897461,35
1,f105_amt_paid-d-unpaid_sum,398.7215099334717,28
1,f105_amt_paid_sum-d-total_debt_sum,2059.6641392707825,145
1,f105_cnt_paid-d-unpaid_max,833.5613164901733,62
1,f105_cnt_paid-d-unpaid_mean,588.1700091362,42
1,f105_approved_cnt,394.71914291381836,27
1,f105_approved_ratio,5664.456003665924,254
1,f105_amt_unpaid_mean,1027.2444067001343,65
1,f105_cnt_paid-d-unpaid_min,359.7387704849243,25
1,f105_cnt_unpaid_min,301.92035579681396,25
1,f105_cnt_paid_min,2476.25905752182,166
1,f105_cnt_unpaid_max,175.08236122131348,12
1,f105_cnt_paid-d-unpaid_sum,741.8702917098999,49
1,f105_future_payment_10m_max,366.1291208267212,26
1,f105_cnt_unpaid_sum,764.3905115127563,49
1,f105_future_payment_12m_max,370.08387088775635,25
1,f105_future_payment_10m_mean,284.4995594024658,22
1,f105_cnt_paid_sum,2803.3621096611023,197
1,f105_cnt_unpaid_mean,2068.9626693725586,98
1,f105_completed_cnt,786.0858812332153,44
1,f105_future_payment_11m_min,602.5345554351807,37
1,f105_future_payment_10m_min,767.4482564926147,46
1,f105_future_payment_11m_mean,354.21031856536865,23
1,f105_future_payment_12m_min,584.9213809967041,40
1,f105_future_payment_11m_max,697.1331639289856,43
1,f105_future_payment_12m_mean,316.11784839630127,20
1,f105_future_payment_13m_min,457.85468196868896,29
1,f105_future_payment_13m_max,481.67715978622437,33
1,f105_future_payment_13m_mean,249.71892070770264,19
1,f105_future_payment_14m_min,430.4393701553345,29
1,f105_future_payment_16m_mean,942.2069616317749,55
1,f105_future_payment_15m_min,478.4425115585327,29
1,f105_future_payment_14m_mean,301.2112913131714,22
1,f105_future_payment_19m_sum,878.5177693367004,54
1,f105_future_payment_15m_mean,319.4023699760437,24
1,f105_future_payment_17m_min,894.0519008636475,55
1,f105_future_payment_16m_min,460.79174613952637,33
1,f105_future_payment_1m_max,514.1072883605957,42
1,f105_future_payment_19m_min,1082.0391855239868,64
1,f105_future_payment_20m_max,698.8975172042847,48
1,f105_future_payment_21m_min,628.3207793235779,39
1,f105_future_payment_20m_mean,699.9557628631592,40
1,f105_future_payment_21m_mean,685.4123396873474,44
1,f105_future_payment_1m_min,765.6680212020874,58
1,f105_future_payment_20m_min,838.3144369125366,49
1,f105_future_payment_1m_mean,358.33751106262207,28
1,f105_future_payment_30m_mean,115.18858814239502,8
1,f105_future_payment_30m_min,220.5157117843628,16
1,f105_future_payment_2m_min,682.8586926460266,54
1,f105_future_payment_2m_mean,535.7968406677246,40
1,f105_future_payment_2m_max,433.72739839553833,34
1,f105_future_payment_33m_max,86.84777069091797,6
1,f105_future_payment_31m_min,144.2974395751953,10
1,f105_future_payment_32m_min,145.53006267547607,11
1,f105_future_payment_31m_max,163.79985904693604,12
1,f105_future_payment_31m_mean,119.35528087615967,9
1,f105_future_payment_32m_mean,54.74099922180176,4
1,f105_future_payment_35m_mean,10.16919994354248,1
1,f105_future_payment_33m_min,72.0733003616333,6
1,f105_future_payment_34m_mean,60.243330001831055,5
1,f105_future_payment_34m_min,75.6484489440918,6
1,f105_future_payment_33m_mean,72.623779296875,5
1,f105_future_payment_34m_max,0.0,0
1,f105_future_payment_35m_max,25.724300384521484,2
1,f105_future_payment_35m_min,30.785340309143066,3
1,f105_future_payment_38m_max,62.81990051269531,6
1,f105_future_payment_36m_min,96.04269981384277,8
1,f105_future_payment_37m_min,113.44034099578857,7
1,f105_future_payment_37m_mean,78.05831050872803,6
1,f105_future_payment_37m_max,39.60209941864014,3
1,f105_future_payment_36m_max,76.90460014343262,6
1,f105_future_payment_39m_max,172.14669704437256,10
1,f105_future_payment_39m_min,67.26589870452881,4
1,f105_future_payment_36m_mean,27.32615041732788,3
1,f105_future_payment_38m_min,8.548460006713867,1
1,f105_future_payment_38m_mean,92.27309989929199,7
1,f105_future_payment_39m_mean,14.67199993133545,1
1,f105_future_payment_3m_mean,456.2774991989136,34
1,f105_future_payment_3m_min,753.9254245758057,57
1,f105_future_payment_3m_max,530.2736501693726,36
1,f105_future_payment_41m_max,46.3904504776001,4
1,f105_future_payment_40m_max,14.434900283813477,1
1,f105_future_payment_40m_min,64.32175970077515,5
1,f105_future_payment_42m_max,75.58329963684082,5
1,f105_future_payment_40m_mean,18.75670051574707,1
1,f105_future_payment_41m_mean,58.71090126037598,4
1,f105_future_payment_42m_min,25.298800468444824,2
1,f105_future_payment_44m_max,94.37084007263184,7
1,f105_future_payment_41m_min,61.001749992370605,5
1,f105_future_payment_42m_mean,26.196319580078125,2
1,f105_future_payment_43m_min,44.56869983673096,4
1,f105_future_payment_43m_max,34.77559947967529,2
1,f105_future_payment_44m_min,91.04982948303223,7
1,f105_future_payment_43m_mean,56.60570049285889,4
1,f105_future_payment_44m_mean,33.27772045135498,3
1,f105_future_payment_46m_max,53.87318992614746,4
1,f105_future_payment_45m_max,75.45440101623535,6
1,f105_future_payment_46m_mean,56.07955074310303,5
1,f105_future_payment_45m_min,51.4394006729126,4
1,f105_future_payment_45m_mean,52.50682067871094,5
1,f105_future_payment_50m_min,91.83402919769287,7
1,f105_future_payment_46m_min,57.66382026672363,5
1,f105_future_payment_50m_mean,12.277400016784668,1
1,f105_future_payment_51m_max,9.145620346069336,1
1,f105_future_payment_50m_max,0.0,0
1,f105_future_payment_4m_min,789.6167345046997,62
1,f105_future_payment_51m_min,14.151599884033203,1
1,f105_future_payment_53m_max,119.39592027664185,10
1,f105_future_payment_52m_max,146.07032012939453,13
1,f105_future_payment_52m_mean,52.70698165893555,4
1,f105_future_payment_4m_max,287.9276695251465,22
1,f105_future_payment_53m_min,33.43179988861084,2
1,f105_future_payment_4m_mean,494.05992555618286,37
1,f105_future_payment_51m_mean,0.0,0
1,f105_future_payment_55m_min,8.913399696350098,1
1,f105_future_payment_52m_min,58.65030002593994,4
1,f105_future_payment_53m_mean,0.0,0
1,f105_future_payment_54m_max,61.386571407318115,5
1,f105_future_payment_54m_min,0.0,0
1,f105_future_payment_54m_mean,0.0,0
1,f105_future_payment_58m_min,0.0,0
1,f105_future_payment_55m_max,7.580770015716553,1
1,f105_future_payment_55m_mean,0.0,0
1,f105_future_payment_56m_max,0.0,0
1,f105_future_payment_57m_min,0.0,0
1,f105_future_payment_58m_max,0.0,0
1,f105_future_payment_57m_mean,0.0,0
1,f105_future_payment_56m_min,0.0,0
1,f105_future_payment_58m_mean,0.0,0
1,f105_future_payment_57m_max,0.0,0
1,f105_future_payment_56m_mean,0.0,0
1,f105_future_payment_59m_max,0.0,0
1,f105_future_payment_59m_min,0.0,0
1,f105_future_payment_59m_mean,0.0,0
1,f105_future_payment_60m_max,0.0,0
1,f105_future_payment_61m_min,0.0,0
1,f105_future_payment_62m_max,0.0,0
1,f105_future_payment_5m_mean,251.04122877120972,19
1,f105_future_payment_62m_mean,0.0,0
1,f105_future_payment_5m_min,628.8604230880737,49
1,f105_future_payment_5m_max,483.7619209289551,38
1,f105_future_payment_61m_mean,0.0,0
1,f105_future_payment_60m_min,0.0,0
1,f105_future_payment_62m_min,0.0,0
1,f105_future_payment_61m_max,0.0,0
1,f105_future_payment_64m_max,0.0,0
1,f105_future_payment_60m_mean,0.0,0
1,f105_future_payment_64m_mean,0.0,0
1,f105_future_payment_63m_max,0.0,0
1,f105_future_payment_63m_min,0.0,0
1,f105_future_payment_65m_max,0.0,0
1,f105_future_payment_63m_mean,0.0,0
1,f105_future_payment_67m_min,0.0,0
1,f105_future_payment_67m_max,0.0,0
1,f105_future_payment_64m_min,0.0,0
1,f105_future_payment_66m_min,0.0,0
1,f105_future_payment_65m_mean,0.0,0
1,f105_future_payment_66m_mean,0.0,0
1,f105_future_payment_69m_max,0.0,0
1,f105_future_payment_67m_mean,0.0,0
1,f105_future_payment_65m_min,0.0,0
1,f105_future_payment_69m_min,0.0,0
1,f105_future_payment_66m_max,0.0,0
1,f105_future_payment_69m_mean,0.0,0
1,f105_future_payment_68m_max,0.0,0
1,f105_future_payment_68m_mean,0.0,0
1,f105_future_payment_68m_min,0.0,0
1,f105_future_payment_6m_max,450.988320350647,32
1,f105_future_payment_70m_min,0.0,0
1,f105_future_payment_70m_mean,0.0,0
1,f105_future_payment_71m_min,0.0,0
1,f105_future_payment_71m_max,0.0,0
1,f105_future_payment_70m_max,0.0,0
1,f105_future_payment_71m_mean,0.0,0
1,f105_future_payment_72m_min,0.0,0
1,f105_future_payment_74m_max,0.0,0
1,f105_future_payment_73m_max,0.0,0
1,f105_future_payment_72m_max,0.0,0
1,f105_future_payment_6m_min,560.5387125015259,40
1,f105_future_payment_6m_mean,352.5225877761841,24
1,f105_future_payment_75m_min,0.0,0
1,f105_future_payment_72m_mean,0.0,0
1,f105_future_payment_73m_mean,0.0,0
1,f105_future_payment_73m_min,0.0,0
1,f105_future_payment_74m_min,0.0,0
1,f105_future_payment_74m_mean,0.0,0
1,f105_future_payment_75m_max,0.0,0
1,f105_future_payment_75m_mean,0.0,0
1,f105_future_payment_76m_max,0.0,0
1,f105_future_payment_76m_min,0.0,0
1,f105_future_payment_79m_max,0.0,0
1,f105_future_payment_77m_max,0.0,0
1,f105_future_payment_76m_mean,0.0,0
1,f105_future_payment_78m_mean,0.0,0
1,f105_future_payment_79m_min,0.0,0
1,f105_future_payment_77m_min,0.0,0
1,f105_future_payment_78m_min,0.0,0
1,f105_future_payment_78m_max,0.0,0
1,f105_future_payment_77m_mean,0.0,0
1,f105_future_payment_79m_mean,0.0,0
1,f105_future_payment_8m_min,597.4345903396606,36
1,f105_future_payment_7m_max,409.3482971191406,30
1,f105_future_payment_7m_mean,342.3417978286743,26
1,f105_future_payment_8m_mean,279.40896129608154,20
1,f105_future_payment_7m_min,483.31927967071533,37
1,f105_future_payment_9m_max,569.701452255249,40
1,f105_future_payment_8m_max,401.87110233306885,30
1,f105_future_payment_9m_mean,392.99906730651855,28
1,f105_future_vs_past_max,5732.472105026245,257
1,f105_future_vs_past_max_withoutapp,1418.0449876785278,93
1,f105_future_vs_past_max-d-income,5166.828319072723,225
1,f105_future_payment_9m_min,410.9849786758423,33
1,f105_past_payment_10m_max,1308.3703079223633,101
1,f105_past_payment_11m_mean,1798.41779088974,130
1,f105_past_payment_11m_max,1398.0345106124878,104
1,f105_past_payment_11m_sum,817.8392114639282,61
1,f105_past_payment_12m_mean,1979.8849639892578,150
1,f105_past_payment_10m_sum,595.9898414611816,46
1,f105_past_payment_12m_max,1594.9092435836792,119
1,f105_past_payment_10m_mean,1472.241946220398,109
1,f105_past_payment_11m_min,3005.4512071609497,220
1,f105_past_payment_12m_sum,1172.4532299041748,84
1,f105_past_payment_14m_min,1353.187975883484,94
1,f105_past_payment_10m_min,2125.739659309387,155
1,f105_past_payment_14m_mean,1044.8644733428955,79
1,f105_past_payment_15m_min,981.0738415718079,72
1,f105_past_payment_13m_mean,1409.9741959571838,102
1,f105_past_payment_13m_min,1335.9753828048706,100
1,f105_past_payment_16m_mean,1102.7681531906128,80
1,f105_past_payment_17m_mean,1506.565604686737,108
1,f105_past_payment_15m_mean,1013.749641418457,76
1,f105_past_payment_17m_min,1180.6230778694153,85
1,f105_past_payment_18m_min,1714.884533882141,130
1,f105_past_payment_16m_min,1021.3396816253662,78
1,f105_past_payment_1m_max,726.4667387008667,50
1,f105_past_payment_1m_sum,486.6215019226074,31
1,f105_past_payment_1m_mean,696.1627407073975,49
1,f105_past_payment_25m_mean,587.4757289886475,42
1,f105_past_payment_26m_max,443.74745178222656,34
1,f105_past_payment_25m_min,579.9491720199585,38
1,f105_past_payment_26m_mean,289.0866003036499,18
1,f105_past_payment_27m_mean,313.7781295776367,23
1,f105_past_payment_28m_mean,257.2307415008545,16
1,f105_past_payment_26m_min,439.95251083374023,28
1,f105_past_payment_27m_min,370.20484924316406,28
1,f105_past_payment_30m_mean,271.92990922927856,22
1,f105_past_payment_28m_min,354.169171333313,27
1,f105_past_payment_29m_mean,305.1066155433655,21
1,f105_past_payment_2m_mean,933.6789970397949,62
1,f105_past_payment_2m_sum,517.9188432693481,35
1,f105_past_payment_29m_min,434.9015693664551,29
1,f105_past_payment_2m_max,844.6664733886719,51
1,f105_past_payment_30m_min,357.77629947662354,25
1,f105_past_payment_32m_mean,143.40812063217163,13
1,f105_past_payment_31m_mean,233.49925136566162,16
1,f105_past_payment_32m_min,130.245680809021,10
1,f105_past_payment_31m_max,320.6821994781494,22
1,f105_past_payment_31m_min,186.83438873291016,14
1,f105_past_payment_35m_mean,363.03478145599365,26
1,f105_past_payment_33m_mean,286.60163164138794,23
1,f105_past_payment_37m_max,40.25066041946411,4
1,f105_past_payment_33m_min,170.22091150283813,16
1,f105_past_payment_37m_mean,69.05253028869629,6
1,f105_past_payment_35m_min,208.79083728790283,16
1,f105_past_payment_37m_min,82.53001976013184,7
1,f105_past_payment_44m_max,0.0,0
1,f105_past_payment_3m_max,917.085039138794,56
1,f105_past_payment_44m_mean,0.0,0
1,f105_past_payment_3m_sum,959.510968208313,60
1,f105_past_payment_3m_mean,1071.1380729675293,78
1,f105_past_payment_43m_min,10.397600173950195,1
1,f105_past_payment_43m_mean,0.0,0
1,f105_past_payment_46m_mean,0.0,0
1,f105_past_payment_43m_max,0.0,0
1,f105_past_payment_46m_min,0.0,0
1,f105_past_payment_45m_min,7.502439975738525,1
1,f105_past_payment_45m_mean,0.0,0
1,f105_past_payment_45m_max,9.858550071716309,1
1,f105_past_payment_48m_max,0.0,0
1,f105_past_payment_46m_max,9.005029678344727,1
1,f105_past_payment_47m_min,0.0,0
1,f105_past_payment_48m_min,0.0,0
1,f105_past_payment_44m_min,0.0,0
1,f105_past_payment_47m_mean,0.0,0
1,f105_past_payment_47m_max,0.0,0
1,f105_past_payment_48m_mean,0.0,0
1,f105_past_payment_4m_max,872.2008647918701,56
1,f105_past_payment_4m_mean,993.3952484130859,76
1,f105_past_payment_55m_mean,0.0,0
1,f105_past_payment_55m_max,0.0,0
1,f105_past_payment_4m_sum,700.7384142875671,45
1,f105_past_payment_55m_min,0.0,0
1,f105_past_payment_5m_sum,851.3644762039185,58
1,f105_past_payment_5m_mean,1376.8031134605408,99
1,f105_past_payment_5m_max,1167.4788794517517,77
1,f105_past_payment_62m_mean,0.0,0
1,f105_past_payment_61m_min,0.0,0
1,f105_past_payment_61m_mean,0.0,0
1,f105_past_payment_61m_max,0.0,0
1,f105_past_payment_63m_mean,0.0,0
1,f105_past_payment_62m_min,0.0,0
1,f105_past_payment_64m_max,0.0,0
1,f105_past_payment_63m_min,0.0,0
1,f105_past_payment_63m_max,0.0,0
1,f105_past_payment_64m_min,0.0,0
1,f105_past_payment_64m_mean,0.0,0
1,f105_past_payment_67m_mean,0.0,0
1,f105_past_payment_67m_max,0.0,0
1,f105_past_payment_62m_max,0.0,0
1,f105_past_payment_65m_max,0.0,0
1,f105_past_payment_65m_mean,0.0,0
1,f105_past_payment_66m_min,0.0,0
1,f105_past_payment_66m_max,0.0,0
1,f105_past_payment_66m_mean,0.0,0
1,f105_past_payment_65m_min,0.0,0
1,f105_past_payment_68m_mean,0.0,0
1,f105_past_payment_67m_min,0.0,0
1,f105_past_payment_69m_min,0.0,0
1,f105_past_payment_70m_mean,0.0,0
1,f105_past_payment_68m_min,0.0,0
1,f105_past_payment_68m_max,0.0,0
1,f105_past_payment_70m_min,0.0,0
1,f105_past_payment_71m_max,0.0,0
1,f105_past_payment_71m_mean,0.0,0
1,f105_past_payment_69m_max,0.0,0
1,f105_past_payment_69m_mean,0.0,0
1,f105_past_payment_70m_max,0.0,0
1,f105_past_payment_6m_max,1514.4613308906555,111
1,f105_past_payment_6m_sum,826.7872285842896,60
1,f105_past_payment_72m_mean,0.0,0
1,f105_past_payment_72m_max,0.0,0
1,f105_past_payment_72m_min,0.0,0
1,f105_past_payment_6m_mean,1666.2274241447449,121
1,f105_past_payment_6m_min,3207.9238591194153,230
1,f105_past_payment_71m_min,0.0,0
1,f105_past_payment_7m_min,2182.295699119568,155
1,f105_past_payment_7m_mean,1453.7214970588684,107
1,f105_past_payment_7m_max,1462.1478638648987,101
1,f105_past_payment_8m_mean,1521.8087348937988,110
1,f105_past_payment_9m_sum,682.6027097702026,49
1,f105_past_payment_7m_sum,874.5943489074707,58
1,f105_past_payment_8m_sum,785.284987449646,55
1,f105_past_payment_9m_min,1773.217248916626,135
1,f105_past_payment_9m_mean,1245.4767594337463,95
1,f105_past_payment_8m_max,1617.5016708374023,116
1,f105_past_payment_8m_min,2071.1180667877197,161
1,f105_past_payment_sum_max-d-income,2586.4211287498474,187
1,f105_past_payment_sum_max-d-credit,3720.0229058265686,223
1,f105_past_payment_sum_max-d-annuity,3778.7783603668213,219
1,f105_prevapp_future_payment_13m,5724.519216537476,290
1,f105_past_payment_9m_max,971.7851161956787,68
1,f105_past_payment_sum_max,510.7884521484375,29
1,f105_prevapp_future_payment_12m,7423.715528011322,348
1,f105_prevapp_future_payment_1vs4,514.7182941436768,39
1,f105_prevapp_future_payment_1vs5,618.8436098098755,49
1,f105_prevapp_future_payment_22m,1234.9132351875305,93
1,f105_prevapp_future_payment_26m,390.07573223114014,31
1,f105_prevapp_future_payment_24m,950.6827411651611,67
1,f105_prevapp_future_payment_1vs6,1192.9897203445435,84
1,f105_prevapp_future_payment_23m,1181.061755180359,79
1,f105_prevapp_future_payment_25m,579.7016763687134,40
1,f105_prevapp_future_payment_27m,483.3473529815674,34
1,f105_prevapp_future_payment_33m,271.130859375,20
1,f105_prevapp_future_payment_29m,462.6421322822571,36
1,f105_prevapp_future_payment_32m,345.99914026260376,29
1,f105_prevapp_future_payment_34m,274.9584903717041,19
1,f105_prevapp_future_payment_35m,295.23960065841675,23
1,f105_prevapp_future_payment_31m,495.091570854187,38
1,f105_prevapp_future_payment_28m,894.1053485870361,66
1,f105_prevapp_future_payment_30m,437.9226703643799,34
1,f105_resfused_cnt,1146.1008911132812,78
1,f106_CODE_REJECT_REASON-CLIENT_ref,0.0,0
1,f105_total_debt_sum-p-app,3448.4406633377075,236
1,f106_CODE_REJECT_REASON-HC_ref,933.5515747070312,66
1,f106_CODE_REJECT_REASON-SCOFR_ref,656.9559602737427,38
1,f106_CODE_REJECT_REASON-LIMIT_ref,1216.551794052124,82
1,f106_CODE_REJECT_REASON-SYSTEM_ref,0.0,0
1,f106_CODE_REJECT_REASON-SCO_ref,335.01259899139404,28
1,f106_CODE_REJECT_REASON-VERIF_ref,12.972999572753906,1
1,f106_CODE_REJECT_REASON-XAP,2146.1297540664673,159
1,f106_NAME_CONTRACT_STATUS-Approved,1897.0965757369995,139
1,f106_CODE_REJECT_REASON-XAP_ref,0.0,0
1,f106_CODE_REJECT_REASON-XNA_ref,63.85457992553711,6
1,f106_CODE_REJECT_REASON-XAP_appref,875.0795679092407,61
1,f106_NAME_CONTRACT_STATUS-Approved_appref,870.6248054504395,65
1,f106_NAME_CONTRACT_STATUS-Approved_ref,0.0,0
1,f106_NAME_CONTRACT_STATUS-Refused,1611.8924927711487,99
1,f106_NAME_CONTRACT_STATUS-Refused_appref,1108.7566347122192,78
1,f106_NAME_CONTRACT_STATUS-Refused_ref,1213.8378190994263,74
1,f106_NAME_CONTRACT_STATUS-Canceled_ref,0.0,0
1,f106_NAME_CONTRACT_STATUS-Unused_offer_ref,0.0,0
1,f107_AMT_ANNUITY-d-app_AMT_CREDIT,2133.2952284812927,151
1,f107_AMT_ANNUITY-d-app_AMT_GOODS_PRICE,2369.514645576477,176
1,f107_AMT_ANNUITY-d-app_AMT_ANNUITY,2353.3050923347473,172
1,f107_AMT_ANNUITY-d-app_AMT_INCOME_TOTAL,3466.697130203247,258
1,f107_AMT_ANNUITY-s-app_AMT_ANNUITY-d-app_AMT_INCOME_TOTAL,3658.691258430481,254
1,f107_AMT_ANNUITY-s-app_AMT_CREDIT,2361.013084411621,172
1,f107_AMT_ANNUITY,2302.290397644043,176
1,f107_AMT_ANNUITY-s-app_AMT_GOODS_PRICE,3100.6462755203247,215
1,f107_AMT_ANNUITY-s-app_AMT_ANNUITY,3452.8898305892944,250
1,f107_AMT_CREDIT-d-total_debt,6751.2392501831055,401
1,f107_AMT_GOODS_PRICE-d-AMT_CREDIT,2900.6008110046387,209
1,f107_AMT_GOODS_PRICE-d-total_debt,7361.917596340179,436
1,f107_AMT_CREDIT-d-AMT_APPLICATION,3383.7410616874695,228
1,f107_AMT_DOWN_PAYMENT-d-AMT_GOODS_PRICE,1029.766770362854,81
1,f107_CODE_REJECT_REASON,796.488920211792,43
1,f107_DAYS_FIRST_DRAWING-d-app_DAYS_LAST_PHONE_CHANGE,562.9068984985352,41
1,f107_CHANNEL_TYPE,1614.0985069274902,114
1,f107_DAYS_FIRST_DRAWING-d-app_DAYS_BIRTH,655.8151588439941,44
1,f107_DAYS_FIRST_DRAWING-d-app_DAYS_ID_PUBLISH,853.0558805465698,62
1,f107_DAYS_DECISION-s-app_DAYS_BIRTH,2561.081346511841,154
1,f107_DAYS_DECISION-s-app_DAYS_EMPLOYED,4073.6761860847473,266
1,f107_DAYS_DECISION-s-app_DAYS_REGISTRATION,3636.7209181785583,260
1,f107_DAYS_FIRST_DRAWING-s-DAYS_DECISIONS,629.1621413230896,47
1,f107_DAYS_FIRST_DRAWING-s-app_DAYS_EMPLOYED,436.323748588562,32
1,f107_DAYS_DECISION-s-app_DAYS_LAST_PHONE_CHANGE,3242.7746167182922,231
1,f107_DAYS_DECISION-s-app_DAYS_ID_PUBLISH,4582.431693553925,326
1,f107_DAYS_FIRST_DRAWING-s-app_DAYS_BIRTH,441.1169548034668,32
1,f107_DAYS_FIRST_DRAWING,543.8146977424622,36
1,f107_DAYS_FIRST_DUE-d-app_DAYS_BIRTH,2104.3157563209534,155
1,f107_DAYS_FIRST_DUE-s-app_DAYS_ID_PUBLISH,1909.5508723258972,140
1,f107_DAYS_FIRST_DUE-s-app_DAYS_BIRTH,1926.6836228370667,144
1,f107_DAYS_FIRST_DUE-d-app_DAYS_EMPLOYED,1968.434573173523,140
1,f107_DAYS_FIRST_DUE-s-app_DAYS_LAST_PHONE_CHANGE,1982.4984097480774,150
1,f107_DAYS_LAST_DUE-s-DAYS_FIRST_DRAWING,161.30050134658813,15
1,f107_DAYS_FIRST_DUE-s-app_DAYS_EMPLOYED,1605.1732778549194,117
1,f107_DAYS_FIRST_DUE-s-app_DAYS_REGISTRATION,1813.7976160049438,134
1,f107_DAYS_LAST_DUE-d-app_DAYS_BIRTH,1433.9438285827637,115
1,f107_DAYS_LAST_DUE-d-app_DAYS_EMPLOYED,1080.5070090293884,83
1,f107_DAYS_LAST_DUE_1ST_VERSION-s-DAYS_FIRST_DRAWING,0.0,0
1,f107_DAYS_LAST_DUE-s-app_DAYS_EMPLOYED,791.4647531509399,62
1,f107_DAYS_LAST_DUE-s-app_DAYS_BIRTH,1178.6570420265198,89
1,f107_DAYS_LAST_DUE-s-app_DAYS_LAST_PHONE_CHANGE,1244.780833721161,96
1,f107_DAYS_LAST_DUE-s-app_DAYS_REGISTRATION,1236.210207939148,94
1,f107_DAYS_LAST_DUE-s-app_DAYS_ID_PUBLISH,1009.7508645057678,79
1,f107_DAYS_LAST_DUE_1ST_VERSION-s-app_DAYS_REGISTRATION,2070.7483353614807,157
1,f107_DAYS_LAST_DUE_1ST_VERSION-s-app_DAYS_LAST_PHONE_CHANGE,2307.4036378860474,175
1,f107_DAYS_LAST_DUE_1ST_VERSION-s-app_DAYS_ID_PUBLISH,2306.9148530960083,175
1,f107_DAYS_LAST_DUE_1ST_VERSION-s-app_DAYS_BIRTH,2149.757875442505,150
1,f107_DAYS_TERMINATION-d-app_DAYS_BIRTH,1533.969684123993,123
1,f107_DAYS_LAST_DUE_1ST_VERSION-s-app_DAYS_EMPLOYED,1966.950424194336,147
1,f107_DAYS_TERMINATION-s-DAYS_FIRST_DRAWING,0.0,0
1,f107_DAYS_TERMINATION-s-app_DAYS_EMPLOYED,924.550968170166,64
1,f107_DAYS_TERMINATION-d-app_DAYS_EMPLOYED,1326.0206265449524,91
1,f107_DAYS_TERMINATION-s-app_DAYS_BIRTH,939.8914518356323,71
1,f107_DAYS_TERMINATION-s-app_DAYS_LAST_PHONE_CHANGE,1492.6811804771423,116
1,f107_DAYS_TERMINATION-s-app_DAYS_ID_PUBLISH,1121.5259852409363,86
1,f107_HOUR_APPR_PROCESS_START,2094.0096979141235,165
1,f107_NAME_CONTRACT_STATUS,471.607946395874,28
1,f107_DAYS_TERMINATION-s-app_DAYS_REGISTRATION,1259.0372114181519,103
1,f107_NAME_GOODS_CATEGORY,779.4156427383423,59
1,f107_NFLAG_INSURED_ON_APPROVAL,101.81734895706177,8
1,f107_NAME_YIELD_GROUP,1145.923722743988,72
1,f107_NAME_PAYMENT_TYPE,130.68265008926392,10
1,f107_RATE_INTEREST_PRIMARY,0.0,0
1,f107_RATE_INTEREST_PRIVILEGED,9.914349555969238,1
1,f107_RATE_DOWN_PAYMENT,734.1277523040771,56
1,f107_future_payment_11m,294.0190782546997,24
1,f107_amt_paid,2681.1764965057373,201
1,f107_future_payment_10m,364.9208984375,26
1,f107_future_payment_12m,163.62832927703857,13
1,f107_completed,28.00774097442627,3
1,f107_future_payment_15m,254.66455173492432,22
1,f107_future_payment_22m,239.53543758392334,20
1,f107_future_payment_34m,74.76008033752441,6
1,f107_future_payment_14m,85.39784049987793,7
1,f107_future_payment_13m,142.52316665649414,11
1,f107_future_payment_1m,842.5636005401611,63
1,f107_future_payment_30m,44.17510986328125,4
1,f107_future_payment_31m,12.019200325012207,1
1,f107_future_payment_2m,583.1653203964233,48
2,f107_future_payment_43m,35.272210121154785,4
2,f107_future_payment_37m,139.35313987731934,16
2,f107_future_payment_35m,529.171769618988,44
2,f107_future_payment_36m,374.7419981956482,31
2,f107_future_payment_38m,61.59718942642212,6
2,f107_future_payment_39m,149.58786058425903,14
2,f107_future_payment_40m,104.84631109237671,10
2,f107_future_payment_33m,357.2760410308838,32
2,f107_future_payment_41m,285.82866954803467,24
2,f107_future_payment_42m,165.30124807357788,17
2,f107_future_payment_32m,616.4286379814148,54
2,f107_future_payment_3m,1706.4473881721497,159
2,f107_future_payment_59m,0.0,0
2,f107_future_payment_56m,0.0,0
2,f107_future_payment_50m,43.54321002960205,6
2,f107_future_payment_49m,49.15961980819702,5
2,f107_future_payment_51m,30.105679988861084,3
2,f107_future_payment_55m,0.0,0
2,f107_future_payment_57m,0.0,0
2,f107_future_payment_52m,24.921500205993652,2
2,f107_future_payment_44m,145.84108924865723,14
2,f107_future_payment_58m,0.0,0
2,f107_future_payment_4m,927.9309191703796,92
2,f107_future_payment_61m,0.0,0
2,f107_future_payment_54m,0.0,0
2,f107_future_payment_69m,0.0,0
2,f107_future_payment_65m,0.0,0
2,f107_future_payment_62m,0.0,0
2,f107_future_payment_67m,0.0,0
2,f107_future_payment_53m,0.0,0
2,f107_future_payment_60m,0.0,0
2,f107_future_payment_5m,902.2349915504456,81
2,f107_future_payment_70m,0.0,0
2,f107_future_payment_64m,0.0,0
2,f107_future_payment_68m,0.0,0
2,f107_future_payment_66m,0.0,0
2,f107_future_payment_75m,0.0,0
2,f107_future_payment_63m,0.0,0
2,f107_future_payment_79m,0.0,0
2,f107_future_payment_76m,0.0,0
2,f107_future_payment_78m,0.0,0
2,f107_future_payment_6m,938.8775477409363,92
2,f107_future_payment_71m,0.0,0
2,f107_future_payment_74m,0.0,0
2,f107_future_payment_77m,0.0,0
2,f107_future_payment_72m,0.0,0
2,f107_future_payment_73m,0.0,0
2,f107_future_payment_7m,1029.894612312317,92
2,f107_future_payment_8m,1780.6226949691772,153
2,f107_future_payment_9m,3133.61524105072,248
2,f107_past_payment_14m,1269.3042259216309,129
2,f107_past_payment_13m,1178.3446216583252,114
2,f107_past_payment_12m,1881.373053073883,177
2,f107_interest_rate,15802.08294725418,931
2,f107_past_payment_31m,47.404500007629395,5
2,f107_past_payment_30m,158.89604949951172,17
2,f107_past_payment_11m,1887.8956227302551,174
2,f107_past_payment_32m,38.28872013092041,5
2,f107_past_payment_10m,1712.7733988761902,159
2,f107_past_payment_1m,5528.853677272797,357
2,f107_past_payment_40m,0.0,0
2,f107_past_payment_39m,0.0,0
2,f107_past_payment_29m,136.75924921035767,15
2,f107_past_payment_28m,111.87427949905396,13
2,f107_past_payment_34m,6.404759883880615,1
2,f107_past_payment_2m,4850.233638286591,344
2,f107_past_payment_41m,0.0,0
2,f107_past_payment_35m,13.924020290374756,2
2,f107_past_payment_36m,0.0,0
2,f107_past_payment_33m,0.0,0
2,f107_past_payment_37m,0.0,0
2,f107_past_payment_47m,0.0,0
2,f107_past_payment_43m,0.0,0
2,f107_past_payment_38m,0.0,0
2,f107_past_payment_46m,0.0,0
2,f107_past_payment_3m,4595.564720153809,317
2,f107_past_payment_49m,0.0,0
2,f107_past_payment_44m,0.0,0
2,f107_past_payment_50m,0.0,0
2,f107_past_payment_42m,0.0,0
2,f107_past_payment_45m,0.0,0
2,f107_past_payment_48m,0.0,0
2,f107_past_payment_57m,0.0,0
2,f107_past_payment_51m,0.0,0
2,f107_past_payment_4m,2864.2710304260254,237
2,f107_past_payment_55m,0.0,0
2,f107_past_payment_56m,0.0,0
2,f107_past_payment_54m,0.0,0
2,f107_past_payment_58m,0.0,0
2,f107_past_payment_53m,0.0,0
2,f107_past_payment_59m,0.0,0
2,f107_past_payment_52m,0.0,0
2,f107_past_payment_60m,0.0,0
2,f107_past_payment_69m,0.0,0
2,f107_past_payment_63m,0.0,0
2,f107_past_payment_5m,2988.8180470466614,259
2,f107_past_payment_68m,0.0,0
2,f107_past_payment_65m,0.0,0
2,f107_past_payment_67m,0.0,0
2,f107_past_payment_62m,0.0,0
2,f107_past_payment_72m,0.0,0
2,f107_past_payment_64m,0.0,0
2,f107_past_payment_66m,0.0,0
2,f107_past_payment_61m,0.0,0
2,f107_past_payment_70m,0.0,0
2,f107_past_payment_71m,0.0,0
2,f107_past_payment_9m,1816.070858001709,163
2,f107_past_payment_8m,1472.4613313674927,128
2,f107_past_payment_7m,1515.0467891693115,134
2,f107_past_payment_6m,2855.1094450950623,260
2,f108_AMT_ANNUITY-s-app_AMT_GOODS_PRICE,20482.47194337845,1192
2,f108_AMT_ANNUITY-d-app_AMT_ANNUITY,10247.751497745514,755
2,f108_AMT_ANNUITY-s-app_AMT_ANNUITY-d-app_AMT_INCOME_TOTAL,15648.104953289032,996
2,f108_AMT_ANNUITY-s-app_AMT_CREDIT,11820.316708564758,820
2,f108_AMT_ANNUITY-d-app_AMT_CREDIT,6958.680940151215,592
2,f108_AMT_APPLICATION-s-app_AMT_GOODS_PRICE,4430.368180274963,335
2,f108_AMT_APPLICATION-s-app_AMT_CREDIT,6900.668009757996,464
2,f108_AMT_CREDIT-d-total_debt_pctchange,760.2059369087219,70
2,f108_AMT_ANNUITY,3163.4728088378906,272
2,f108_AMT_CREDIT-d-AMT_APPLICATION,6786.657043933868,447
2,f108_AMT_CREDIT-d-total_debt,11229.003383636475,902
2,f108_AMT_CREDIT-s-app_AMT_CREDIT,5966.634609222412,471
2,f108_AMT_DOWN_PAYMENT-d-AMT_GOODS_PRICE,3089.327600955963,278
2,f108_AMT_CREDIT-s-app_AMT_GOODS_PRICE,5818.760901927948,452
2,f108_AMT_GOODS_PRICE-d-AMT_CREDIT,5287.282990932465,426
2,f108_AMT_DOWN_PAYMENT,5114.129346370697,415
2,f108_AMT_GOODS_PRICE-m-app_AMT_GOODS_PRICE-d-app_AMT_INCOME_TOTAL_diff,1182.911455631256,108
2,f108_AMT_GOODS_PRICE-d-total_debt_pctchange,802.61741065979,78
2,f108_AMT_GOODS_PRICE-d-app_AMT_INCOME_TOTAL_diff,424.12440729141235,39
2,f108_AMT_GOODS_PRICE-d-total_debt_diff,557.6251697540283,58
2,f108_AMT_GOODS_PRICE-d-total_debt,16094.566107273102,853
2,f108_AMT_GOODS_PRICE-s-app_AMT_CREDIT-d-app_AMT_INCOME_TOTAL_diff,217.93577241897583,21
2,f108_AMT_GOODS_PRICE-s-app_AMT_ANNUITY-d-app_AMT_INCOME_TOTAL_diff,154.1363706588745,15
2,f108_AMT_GOODS_PRICE-s-app_AMT_CREDIT,5977.6354994773865,420
2,f108_AMT_GOODS_PRICE-s-app_AMT_GOODS_PRICE,5845.388056278229,411
2,f108_DAYS_DECISION-s-app_DAYS_ID_PUBLISH,5981.818539142609,490
2,f108_DAYS_DECISION-s-app_DAYS_BIRTH,15602.026624202728,592
2,f108_CNT_PAYMENT,616.6403527259827,57
2,f108_DAYS_FIRST_DRAWING-s-DAYS_DECISIONS,283.3882613182068,26
2,f108_DAYS_FIRST_DRAWING-d-app_DAYS_REGISTRATION,771.8072900772095,62
2,f108_DAYS_DECISION-s-app_DAYS_EMPLOYED,9344.524906158447,580
2,f108_DAYS_FIRST_DRAWING-s-app_DAYS_BIRTH,371.7081980705261,34
2,f108_DAYS_FIRST_DRAWING-d-app_DAYS_LAST_PHONE_CHANGE,484.4133529663086,46
2,f108_DAYS_FIRST_DRAWING-s-app_DAYS_EMPLOYED,299.27876806259155,27
2,f108_DAYS_DECISION,11749.536459445953,633
2,f108_DAYS_FIRST_DRAWING-d-app_DAYS_BIRTH,354.08799934387207,27
2,f108_DAYS_FIRST_DRAWING-s-app_DAYS_LAST_PHONE_CHANGE,604.4650278091431,61
2,f108_DAYS_FIRST_DUE,8677.360060214996,597
2,f108_DAYS_FIRST_DRAWING-s-app_DAYS_ID_PUBLISH,396.35004806518555,39
2,f108_DAYS_DECISION-s-app_DAYS_REGISTRATION,5358.1911997795105,471
2,f108_DAYS_FIRST_DUE-s-app_DAYS_ID_PUBLISH,5944.213383197784,493
2,f108_DAYS_FIRST_DRAWING,597.492865562439,44
2,f108_DAYS_LAST_DUE-s-DAYS_FIRST_DRAWING,525.6262593269348,51
2,f108_DAYS_FIRST_DUE-s-app_DAYS_REGISTRATION,4450.030446052551,413
2,f108_DAYS_FIRST_DUE-s-app_DAYS_EMPLOYED,8184.963937282562,586
2,f108_DAYS_FIRST_DUE-s-app_DAYS_BIRTH,5808.988324165344,448
2,f108_DAYS_LAST_DUE-s-DAYS_LAST_DUE_1ST_VERSION,1541.0523109436035,129
2,f108_DAYS_LAST_DUE_1ST_VERSION-s-DAYS_FIRST_DRAWING,0.0,0
2,f108_DAYS_LAST_DUE_1ST_VERSION-s-DAYS_DECISIONS,4529.936106681824,411
2,f108_DAYS_LAST_DUE-s-app_DAYS_ID_PUBLISH,4610.220732212067,390
2,f108_DAYS_LAST_DUE-s-app_DAYS_EMPLOYED,6171.70673084259,475
2,f108_DAYS_LAST_DUE-s-app_DAYS_BIRTH,7131.678702831268,419
2,f108_DAYS_LAST_DUE_1ST_VERSION-s-DAYS_FIRST_DUE,419.4347815513611,38
2,f108_DAYS_LAST_DUE,7153.0830092430115,538
2,f108_DAYS_LAST_DUE-s-app_DAYS_REGISTRATION,3842.848934650421,348
2,f108_DAYS_LAST_DUE_1ST_VERSION-d-app_DAYS_BIRTH,5599.992114067078,475
2,f108_DAYS_LAST_DUE_1ST_VERSION,5057.216238975525,397
2,f108_DAYS_LAST_DUE_1ST_VERSION-s-app_DAYS_REGISTRATION,4807.560553073883,418
2,f108_DAYS_TERMINATION-s-app_DAYS_BIRTH,5291.359546661377,452
2,f108_DAYS_TERMINATION-s-DAYS_LAST_DUE_1ST_VERSION,10864.1245803833,894
2,f108_DAYS_LAST_DUE_1ST_VERSION-s-app_DAYS_BIRTH,6477.480465888977,464
2,f108_DAYS_TERMINATION-s-app_DAYS_EMPLOYED,5576.142049789429,433
2,f108_NAME_CLIENT_TYPE,3724.1622405052185,136
2,f108_NAME_GOODS_CATEGORY,7811.082841873169,700
2,f108_DAYS_LAST_DUE_1ST_VERSION-s-app_DAYS_EMPLOYED,6831.489018917084,522
2,f108_DAYS_LAST_DUE_1ST_VERSION-s-app_DAYS_ID_PUBLISH,5713.792144775391,493
2,f108_DAYS_TERMINATION-s-app_DAYS_REGISTRATION,4210.337697029114,378
2,f108_DAYS_TERMINATION,6762.4477643966675,551
2,f108_RATE_INTEREST_PRIMARY,5.291259765625,1
2,f108_DAYS_TERMINATION-s-app_DAYS_ID_PUBLISH,4697.831107616425,409
2,f108_RATE_DOWN_PAYMENT,2781.9207849502563,243
2,f108_NAME_YIELD_GROUP,1391.1562910079956,104
2,f108_RATE_INTEREST_PRIVILEGED,0.0,0
2,f108_completed,0.0,0
2,f108_HOUR_APPR_PROCESS_START,10530.994962215424,748
2,f108_active,0.0,0
2,f108_cnt_paid_ratio,461.39611196517944,42
2,f108_future_payment_15m,319.60112953186035,32
2,f108_future_payment_12m,308.2853889465332,28
2,f108_cnt_unpaid,174.27663040161133,19
2,f108_future_payment_11m,431.4528512954712,42
2,f108_future_payment_28m,0.0,0
2,f108_future_payment_30m,0.0,0
2,f108_future_payment_31m,0.0,0
2,f108_future_payment_35m,0.0,0
2,f108_future_payment_37m,0.0,0
2,f108_future_payment_1m,1235.3570861816406,107
2,f108_future_payment_36m,0.0,0
2,f108_future_payment_34m,0.0,0
2,f108_future_payment_39m,0.0,0
2,f108_future_payment_42m,0.0,0
2,f108_future_payment_41m,0.0,0
2,f108_future_payment_44m,0.0,0
2,f108_future_payment_2m,1052.7141013145447,99
2,f108_future_payment_46m,0.0,0
2,f108_future_payment_43m,0.0,0
2,f108_future_payment_38m,0.0,0
2,f108_future_payment_45m,0.0,0
2,f108_future_payment_51m,0.0,0
2,f108_future_payment_40m,0.0,0
2,f108_future_payment_3m,985.4546918869019,91
2,f108_future_payment_55m,0.0,0
2,f108_future_payment_53m,0.0,0
2,f108_future_payment_50m,0.0,0
2,f108_future_payment_52m,0.0,0
2,f108_future_payment_54m,0.0,0
2,f108_future_payment_49m,0.0,0
2,f108_future_payment_59m,0.0,0
2,f108_future_payment_47m,0.0,0
2,f108_future_payment_48m,0.0,0
2,f108_future_payment_62m,0.0,0
2,f108_future_payment_56m,0.0,0
2,f108_future_payment_63m,0.0,0
2,f108_future_payment_58m,0.0,0
2,f108_future_payment_57m,0.0,0
2,f108_future_payment_64m,0.0,0
2,f108_future_payment_69m,0.0,0
2,f108_future_payment_61m,0.0,0
2,f108_future_payment_60m,0.0,0
2,f108_future_payment_67m,0.0,0
2,f108_future_payment_73m,0.0,0
2,f108_future_payment_71m,0.0,0
2,f108_future_payment_68m,0.0,0
2,f108_future_payment_66m,0.0,0
2,f108_future_payment_72m,0.0,0
2,f108_future_payment_65m,0.0,0
2,f108_future_payment_76m,0.0,0
2,f108_future_payment_77m,0.0,0
2,f108_future_payment_74m,0.0,0
2,f108_future_payment_75m,0.0,0
2,f108_future_payment_70m,0.0,0
2,f108_future_payment_79m,0.0,0
2,f108_future_payment_78m,0.0,0
2,f108_past_payment_22m,606.277988910675,59
2,f108_past_payment_23m,522.3973031044006,54
2,f108_past_payment_21m,599.4062790870667,55
2,f108_past_payment_10m,3942.5054717063904,353
2,f108_past_payment_20m,702.5984377861023,68
2,f108_past_payment_41m,14.202370166778564,2
2,f108_past_payment_19m,809.77073097229,77
2,f108_past_payment_24m,583.1789393424988,57
2,f108_past_payment_2m,1258.9271149635315,100
2,f108_past_payment_1m,1157.2015738487244,101
2,f108_past_payment_42m,6.344580173492432,1
2,f108_past_payment_43m,0.0,0
2,f108_past_payment_44m,0.0,0
2,f108_past_payment_47m,0.0,0
2,f108_past_payment_37m,30.069589614868164,4
2,f108_past_payment_48m,0.0,0
2,f108_past_payment_45m,0.0,0
2,f108_past_payment_3m,1562.873098373413,138
2,f108_past_payment_58m,0.0,0
2,f108_past_payment_46m,0.0,0
2,f108_past_payment_56m,0.0,0
2,f108_past_payment_61m,0.0,0
2,f108_past_payment_57m,0.0,0
2,f108_past_payment_4m,2213.5790977478027,182
2,f108_past_payment_59m,0.0,0
2,f108_past_payment_62m,0.0,0
2,f108_past_payment_60m,0.0,0
2,f108_past_payment_68m,0.0,0
2,f108_past_payment_55m,0.0,0
2,f108_past_payment_70m,0.0,0
2,f108_past_payment_69m,0.0,0
2,f108_past_payment_64m,0.0,0
2,f108_past_payment_5m,3698.638300895691,322
2,f108_past_payment_65m,0.0,0
2,f108_past_payment_67m,0.0,0
2,f108_past_payment_71m,0.0,0
2,f108_past_payment_66m,0.0,0
2,f108_past_payment_63m,0.0,0
2,f108_past_payment_72m,0.0,0
2,f108_past_payment_6m,3877.606698989868,333
2,f108_past_payment_7m,3519.769510746002,309
2,f108_past_payment_9m,3859.589446544647,339
2,f108_past_payment_8m,3925.2756686210632,334
